dir,src_layer,dst_layer,c,raw_r2,perdim_r2,cosine
s2m,2,4,0.001,0.71177226411626,0.6459601648234329,0.865574821635049
s2m,2,8,0.001,0.5903088958958976,0.5342278001711571,0.7732105721164731
s2m,2,12,0.001,0.5081062672674641,0.4794869520570334,0.712392885505558
s2m,2,16,0.001,0.45427538277076573,0.42592725462771297,0.672439776474087
s2m,2,20,0.001,0.3860811885941756,0.34316065569302645,0.6248738446573573
s2m,4,4,0.001,0.6934703770207215,0.6245278575070781,0.8557096614941383
s2m,4,8,0.001,0.6453313660763693,0.5968859188641864,0.8131302242803926
s2m,4,12,0.001,0.5729043993268337,0.5467502774969749,0.7606661066005288
s2m,4,16,0.001,0.5121910335839968,0.48391120514305846,0.7172597876925856
s2m,4,20,0.01,0.4373770295476348,0.39373401910642547,0.665528570002226
s2m,6,4,0.001,0.6514402900150824,0.5737864593921627,0.8283257059041087
s2m,6,8,0.001,0.6517417162511658,0.604008035761521,0.8181813188415523
s2m,6,12,0.001,0.6134357520629172,0.5885991047088361,0.7890570153082256
s2m,6,16,0.001,0.5604555787420701,0.5322401779182222,0.7516761815086357
s2m,6,20,0.01,0.4840360592506401,0.4401371555252722,0.6997795677850827
s2m,8,4,0.001,0.6145998884135948,0.530511297057142,0.8035038965787097
s2m,8,8,0.001,0.6161614779772053,0.5638909250974111,0.7946624743472989
s2m,8,12,0.001,0.6162847512417086,0.5915099712856163,0.7914819773920113
s2m,8,16,0.001,0.6070206377451122,0.5809718289149508,0.7837110547743038
s2m,8,20,0.01,0.5535355458104348,0.5135557055105477,0.7477362027599088
s2m,10,4,0.001,0.5649269364737677,0.4719324296865593,0.7679118613103679
s2m,10,8,0.001,0.5537350839461352,0.4938428337488028,0.7505295458760429
s2m,10,12,0.001,0.558158470630617,0.5301731843668809,0.751438375281498
s2m,10,16,0.001,0.5953376148081945,0.5691786438684034,0.7767995343075547
s2m,10,20,0.01,0.6129511874147635,0.5783312493462797,0.7859237600296037
m2s,4,2,0.01,0.7894268787227484,0.7285910239931407,0.9079851444224877
m2s,4,4,0.001,0.7453558902236788,0.7055875320646092,0.8755233533023017
m2s,4,6,0.001,0.6700313406692772,0.636943828103326,0.825300487781831
m2s,4,8,0.01,0.5859567009326696,0.5595414914954674,0.77032705425142
m2s,4,10,0.01,0.47704466958122616,0.4525463994907426,0.6988115816188329
m2s,8,2,0.01,0.7263221566776101,0.6484626801046567,0.8698782342935075
m2s,8,4,0.01,0.7210416550996919,0.6780255689825598,0.8606231705555427
m2s,8,6,0.01,0.7140099116338163,0.6850990120346397,0.8529951670154541
m2s,8,8,0.01,0.656259222305509,0.6320311602062217,0.8162033374612039
m2s,8,10,0.01,0.5451099173481665,0.5207891016749328,0.7457707985160277
m2s,12,2,0.01,0.6798539486278135,0.5981114878810595,0.8409926003184313
m2s,12,4,0.01,0.6789558557114961,0.6332212441916016,0.8341481131154111
m2s,12,6,0.01,0.6938953437689808,0.6649879888427878,0.8403553826844347
m2s,12,8,0.01,0.6871459463085847,0.6658845558827007,0.8352114614490875
m2s,12,10,0.01,0.6015064924472684,0.5798471362369146,0.7819441008736188
m2s,16,2,0.01,0.6492181388862095,0.5643373426438507,0.8207522129913808
m2s,16,4,0.01,0.641255234661128,0.5913552534183816,0.809290295946239
m2s,16,6,0.01,0.6535343561198911,0.6211778749479969,0.8142594149267725
m2s,16,8,0.01,0.681855632507796,0.6610691970802017,0.8311167513456174
m2s,16,10,0.01,0.6586322805350313,0.6407274820462577,0.8160975112747824
m2s,20,2,0.01,0.5949144300627178,0.5024688398039393,0.783743096497241
m2s,20,4,0.01,0.5785235055667399,0.5219876383889384,0.7664835165243508
m2s,20,6,0.01,0.5837941034693842,0.5458125135841021,0.7677249284483065
m2s,20,8,0.01,0.6233405783022309,0.5993641629592181,0.7937384164994273
m2s,20,10,0.01,0.6628741133466067,0.6461437554302629,0.8174694162538003
